INSERT INTO users (id, provider, "providerId", is_active) VALUES ('85a73d6f-145c-451c-b7ab-ea77408a3c61','naver', 'c54a3ab0', 'False');
INSERT INTO user_profile (id, fk_user_id, nickname, short_bio, email, is_certified) VALUES ('b6e43c8c-e471-4694-a435-7cf6f2258d8b','85a73d6f-145c-451c-b7ab-ea77408a3c61', 'eugenepena', 'Gun anyone police group share. Catch surface edge nothing. Seem heavy live heavy.', 'evelyn92@example.net', 'False');
INSERT INTO user_image (id, fk_user_id, files_size, image_url) VALUES ('eab4d002-b78b-476e-ba94-835a52cf2af8','85a73d6f-145c-451c-b7ab-ea77408a3c61', 696, 'https://picsum.photos/489/162');
INSERT INTO users (id, provider, "providerId", is_active) VALUES ('2a2080bc-9f3a-4f43-b39c-fa07578d156d','kakao', 'bf10ef6a', 'True');
INSERT INTO user_profile (id, fk_user_id, nickname, short_bio, email, is_certified) VALUES ('79ff8ba9-5313-465b-a93c-a4da3f3acb1a','2a2080bc-9f3a-4f43-b39c-fa07578d156d', 'melissarodriguez', 'Step executive avoid must. Even live remain industry.
Five how event to position.', 'jacquelinemora@example.org', 'True');
INSERT INTO user_image (id, fk_user_id, files_size, image_url) VALUES ('d72d1956-2290-4413-b285-15f8abb1ebe4','2a2080bc-9f3a-4f43-b39c-fa07578d156d', 512, 'https://dummyimage.com/411x636');
INSERT INTO users (id, provider, "providerId", is_active) VALUES ('86ff28d6-21af-4d14-8a95-88c3d94d006d','kakao', '255412e4', 'False');
INSERT INTO user_profile (id, fk_user_id, nickname, short_bio, email, is_certified) VALUES ('a96cebe4-f81c-4af8-92ea-240db3eca989','86ff28d6-21af-4d14-8a95-88c3d94d006d', 'elizabethsullivan', 'Believe enough human there add above. Who agree begin pass thank.', 'frazieremily@example.com', 'True');
INSERT INTO user_image (id, fk_user_id, files_size, image_url) VALUES ('1239d0b8-43e6-4cc6-8d1a-10ed9377bf51','86ff28d6-21af-4d14-8a95-88c3d94d006d', 18, 'https://placekitten.com/188/355');
INSERT INTO users (id, provider, "providerId", is_active) VALUES ('8f6dab45-ca96-4748-877c-1871b8e46ff6','google', '9ce8de1e', 'False');
INSERT INTO user_profile (id, fk_user_id, nickname, short_bio, email, is_certified) VALUES ('ea3d3835-a1ab-4ee1-9e2e-7f2bdca76393','8f6dab45-ca96-4748-877c-1871b8e46ff6', 'hodgeszachary', 'From who happen. After cultural night thing teach traditional anything.', 'cody94@example.com', 'False');
INSERT INTO user_image (id, fk_user_id, files_size, image_url) VALUES ('3b621fa1-54da-45cb-87c9-4aa205d10fde','8f6dab45-ca96-4748-877c-1871b8e46ff6', 394, 'https://picsum.photos/78/288');
INSERT INTO users (id, provider, "providerId", is_active) VALUES ('4f95a80f-8415-4c75-939f-5bcb1bfbc460','naver', 'bcbde62f', 'False');
INSERT INTO user_profile (id, fk_user_id, nickname, short_bio, email, is_certified) VALUES ('29d61eb7-963d-4792-bc17-3bbec2e304b9','4f95a80f-8415-4c75-939f-5bcb1bfbc460', 'jacksonbrenda', 'Visit already media answer.', 'hhernandez@example.org', 'True');
INSERT INTO user_image (id, fk_user_id, files_size, image_url) VALUES ('61cea8f1-1a57-4330-bd89-0cfda10ad1c2','4f95a80f-8415-4c75-939f-5bcb1bfbc460', 89, 'https://picsum.photos/140/386');
INSERT INTO users (id, provider, "providerId", is_active) VALUES ('df75b13e-38f0-4807-9ec1-74f753ae94f9','google', 'be9f5529', 'True');
INSERT INTO user_profile (id, fk_user_id, nickname, short_bio, email, is_certified) VALUES ('ad4ba5eb-cf01-46c5-946f-3c566ba2c9ea','df75b13e-38f0-4807-9ec1-74f753ae94f9', 'srussell', 'Eye visit seem mention. Civil join feel will. Happy relationship learn.', 'mary26@example.com', 'True');
INSERT INTO user_image (id, fk_user_id, files_size, image_url) VALUES ('9bcee05f-4785-40bf-ac2d-cff31178d8ad','df75b13e-38f0-4807-9ec1-74f753ae94f9', 603, 'https://dummyimage.com/953x991');
INSERT INTO users (id, provider, "providerId", is_active) VALUES ('562f99bc-0065-4415-b9be-140ea3127912','kakao', 'fa073ca8', 'False');
INSERT INTO user_profile (id, fk_user_id, nickname, short_bio, email, is_certified) VALUES ('4f9425b8-b3fd-4f3a-a6ac-b468c3a209bb','562f99bc-0065-4415-b9be-140ea3127912', 'robertaballard', 'Each own peace really church image article. Eat let unit place growth family write.', 'obrienmichelle@example.net', 'True');
INSERT INTO user_image (id, fk_user_id, files_size, image_url) VALUES ('3fd09262-0df9-4004-937a-ea7513c7c079','562f99bc-0065-4415-b9be-140ea3127912', 766, 'https://dummyimage.com/930x455');
INSERT INTO users (id, provider, "providerId", is_active) VALUES ('5fb40f4e-0d92-4d19-b35f-6f414ff528c4','google', '468c2968', 'True');
INSERT INTO user_profile (id, fk_user_id, nickname, short_bio, email, is_certified) VALUES ('36dc06e4-0388-4f33-88e5-c739e1a20a0b','5fb40f4e-0d92-4d19-b35f-6f414ff528c4', 'juliegarner', 'Perform kind candidate shoulder fall miss product. Quickly agency south after each.', 'hjohnson@example.org', 'True');
INSERT INTO user_image (id, fk_user_id, files_size, image_url) VALUES ('1af8636c-9d90-4f3e-8558-a271f7069a0e','5fb40f4e-0d92-4d19-b35f-6f414ff528c4', 432, 'https://dummyimage.com/593x586');
INSERT INTO users (id, provider, "providerId", is_active) VALUES ('0a9c7ddd-46df-4cbf-a1b1-28821e9bb68f','google', 'ca920828', 'False');
INSERT INTO user_profile (id, fk_user_id, nickname, short_bio, email, is_certified) VALUES ('a558d355-ebe0-4292-bfb8-77a58a2f4ef9','0a9c7ddd-46df-4cbf-a1b1-28821e9bb68f', 'frichardson', 'Result meet item arrive daughter number light. Month think when.', 'laura59@example.com', 'True');
INSERT INTO user_image (id, fk_user_id, files_size, image_url) VALUES ('f156ef97-1380-408d-bb4e-96c2bce10250','0a9c7ddd-46df-4cbf-a1b1-28821e9bb68f', 135, 'https://placekitten.com/127/277');
INSERT INTO users (id, provider, "providerId", is_active) VALUES ('cd34d25f-6cf3-46e1-869d-fd94e8aff86e','naver', '0b037e92', 'False');
INSERT INTO user_profile (id, fk_user_id, nickname, short_bio, email, is_certified) VALUES ('cef88f6b-7443-43a6-bac2-1ee10e52754c','cd34d25f-6cf3-46e1-869d-fd94e8aff86e', 'williamsjennifer', 'Future anything good occur. Poor degree consider.', 'marie89@example.com', 'False');
INSERT INTO user_image (id, fk_user_id, files_size, image_url) VALUES ('9608f447-6f5b-4156-8702-82b48544df9b','cd34d25f-6cf3-46e1-869d-fd94e8aff86e', 655, 'https://placekitten.com/825/553');
INSERT INTO users (id, provider, "providerId", is_active) VALUES ('08634478-03fc-48f3-aa0e-964eeb8184a9','kakao', '6e824859', 'True');
INSERT INTO user_profile (id, fk_user_id, nickname, short_bio, email, is_certified) VALUES ('4491bb26-5d46-4a37-88db-048ae92541b2','08634478-03fc-48f3-aa0e-964eeb8184a9', 'samuelmann', 'Money whether hold protect not light. Special rate instead data police.', 'ndaniels@example.net', 'False');
INSERT INTO user_image (id, fk_user_id, files_size, image_url) VALUES ('25a3d877-7d67-48c7-bd87-461b5d40e69e','08634478-03fc-48f3-aa0e-964eeb8184a9', 652, 'https://picsum.photos/660/300');
INSERT INTO users (id, provider, "providerId", is_active) VALUES ('6b3bceb9-1444-474b-8eaa-b95d4a7916ec','naver', 'b03b530b', 'False');
INSERT INTO user_profile (id, fk_user_id, nickname, short_bio, email, is_certified) VALUES ('b4aa996d-a106-49a9-ad66-dc2666da0676','6b3bceb9-1444-474b-8eaa-b95d4a7916ec', 'pmorales', 'Kid produce sell together after. Natural drive teach. Somebody hit entire.', 'rbarr@example.com', 'False');
INSERT INTO user_image (id, fk_user_id, files_size, image_url) VALUES ('cb687ac5-5a10-4718-b8a8-be2eea985fae','6b3bceb9-1444-474b-8eaa-b95d4a7916ec', 654, 'https://placekitten.com/342/803');
INSERT INTO users (id, provider, "providerId", is_active) VALUES ('82e6a9f1-ec03-44fe-b5f5-b368ca5cb389','google', '8acebfac', 'False');
INSERT INTO user_profile (id, fk_user_id, nickname, short_bio, email, is_certified) VALUES ('0bb0c9c6-6ab2-4b5f-baf8-ddfe18adfc9f','82e6a9f1-ec03-44fe-b5f5-b368ca5cb389', 'christopher91', 'Chance question whether. Late various drop might tax nice key.
Safe property data room Mr.', 'priceadam@example.net', 'False');
INSERT INTO user_image (id, fk_user_id, files_size, image_url) VALUES ('692dbd85-9607-45aa-8060-9b7f7719740f','82e6a9f1-ec03-44fe-b5f5-b368ca5cb389', 671, 'https://picsum.photos/600/844');
INSERT INTO users (id, provider, "providerId", is_active) VALUES ('63cdbf29-c8e5-434d-8b9b-751b340bb949','google', 'df197024', 'True');
INSERT INTO user_profile (id, fk_user_id, nickname, short_bio, email, is_certified) VALUES ('df84c737-b6ff-46f5-a6d0-edfd6c473cf9','63cdbf29-c8e5-434d-8b9b-751b340bb949', 'christopher67', 'Blue author could mother so local world.', 'forbesdonald@example.net', 'True');
INSERT INTO user_image (id, fk_user_id, files_size, image_url) VALUES ('ffe7671b-3d42-40de-8ffb-6931ea9099fc','63cdbf29-c8e5-434d-8b9b-751b340bb949', 265, 'https://picsum.photos/109/167');
INSERT INTO users (id, provider, "providerId", is_active) VALUES ('dd634a3c-75cd-41f8-adda-33ac0b4174fd','kakao', '5a2a1ba6', 'False');
INSERT INTO user_profile (id, fk_user_id, nickname, short_bio, email, is_certified) VALUES ('d7ef8d43-c104-4c1d-ab9d-1f3feb390c47','dd634a3c-75cd-41f8-adda-33ac0b4174fd', 'destinycontreras', 'Open south down sport successful. Ready indicate bit remember in.', 'jayjohns@example.org', 'False');
INSERT INTO user_image (id, fk_user_id, files_size, image_url) VALUES ('b561a42b-63d2-4b34-a166-cb7894d04f3f','dd634a3c-75cd-41f8-adda-33ac0b4174fd', 552, 'https://dummyimage.com/774x969');
INSERT INTO users (id, provider, "providerId", is_active) VALUES ('df0b9a2a-edf4-4938-8621-9e1d2328b009','kakao', '5b938930', 'False');
INSERT INTO user_profile (id, fk_user_id, nickname, short_bio, email, is_certified) VALUES ('0d6defcb-0a50-4a6a-b162-17f90f0fec24','df0b9a2a-edf4-4938-8621-9e1d2328b009', 'joshuaray', 'Whatever hit else let. Social church key place deal enough understand. Quite miss family food.', 'cromero@example.com', 'False');
INSERT INTO user_image (id, fk_user_id, files_size, image_url) VALUES ('4a9c1fcc-880a-4031-af15-2786afc5161e','df0b9a2a-edf4-4938-8621-9e1d2328b009', 593, 'https://dummyimage.com/715x812');
INSERT INTO users (id, provider, "providerId", is_active) VALUES ('a52c31d2-2fe2-4b4a-99c6-efd69c3f974c','naver', '30deac51', 'True');
INSERT INTO user_profile (id, fk_user_id, nickname, short_bio, email, is_certified) VALUES ('6873be7e-31e7-4f2f-949c-4997abc7274a','a52c31d2-2fe2-4b4a-99c6-efd69c3f974c', 'qeverett', 'Take nation structure threat describe. Heavy his write investment south meet. Lay seek pull.', 'paultraci@example.org', 'False');
INSERT INTO user_image (id, fk_user_id, files_size, image_url) VALUES ('974d6959-4522-482a-abec-00a36f8bfc69','a52c31d2-2fe2-4b4a-99c6-efd69c3f974c', 776, 'https://dummyimage.com/449x705');
INSERT INTO users (id, provider, "providerId", is_active) VALUES ('7a518939-fa10-49ac-a9b8-9435dd731875','kakao', '2e3b3328', 'False');
INSERT INTO user_profile (id, fk_user_id, nickname, short_bio, email, is_certified) VALUES ('7b4b71ec-e49a-4b85-b5fe-71a5b7a56592','7a518939-fa10-49ac-a9b8-9435dd731875', 'ethanmartinez', 'Model author deal work. Do threat serve toward interesting big.', 'erika66@example.net', 'True');
INSERT INTO user_image (id, fk_user_id, files_size, image_url) VALUES ('9786e768-c3e7-4428-ac34-8e25f562af2e','7a518939-fa10-49ac-a9b8-9435dd731875', 622, 'https://picsum.photos/692/641');
INSERT INTO users (id, provider, "providerId", is_active) VALUES ('ecc21a0e-5c64-4bf5-a301-e0d970e7d397','google', '4d271804', 'False');
INSERT INTO user_profile (id, fk_user_id, nickname, short_bio, email, is_certified) VALUES ('ba0f61e3-3f94-42e6-b9fb-159db71e0f44','ecc21a0e-5c64-4bf5-a301-e0d970e7d397', 'hoodnancy', 'Real I require store than design. Travel mind series.', 'guzmanveronica@example.net', 'False');
INSERT INTO user_image (id, fk_user_id, files_size, image_url) VALUES ('0702c513-852b-4a93-9dce-183896cad25c','ecc21a0e-5c64-4bf5-a301-e0d970e7d397', 432, 'https://placekitten.com/191/475');
INSERT INTO users (id, provider, "providerId", is_active) VALUES ('8c35e64b-8f33-42a9-b40b-a8d163d5844b','naver', '89335411', 'True');
INSERT INTO user_profile (id, fk_user_id, nickname, short_bio, email, is_certified) VALUES ('d0268c58-6c0f-421a-a754-61b4a29760b2','8c35e64b-8f33-42a9-b40b-a8d163d5844b', 'danielsdaniel', 'Those camera base pass police. Almost family large beyond suddenly your.', 'barkerkaylee@example.com', 'True');
INSERT INTO user_image (id, fk_user_id, files_size, image_url) VALUES ('11a16fcd-2572-4c98-bd08-0789f52ed721','8c35e64b-8f33-42a9-b40b-a8d163d5844b', 919, 'https://picsum.photos/608/163');
INSERT INTO users (id, provider, "providerId", is_active) VALUES ('5f66ae61-d797-4ecf-8c47-7aaa01147e21','google', '56f12b5b', 'True');
INSERT INTO user_profile (id, fk_user_id, nickname, short_bio, email, is_certified) VALUES ('fee9d75f-0d6e-45d8-9164-13b423b71f75','5f66ae61-d797-4ecf-8c47-7aaa01147e21', 'jacob20', 'Buy shoulder a certain draw shake compare they. Sound former main able.', 'pthomas@example.net', 'False');
INSERT INTO user_image (id, fk_user_id, files_size, image_url) VALUES ('1dcfc682-2c8b-4d5c-9d54-20a9bd7c3d69','5f66ae61-d797-4ecf-8c47-7aaa01147e21', 112, 'https://placekitten.com/717/533');
INSERT INTO users (id, provider, "providerId", is_active) VALUES ('44d6393d-a1e7-4440-8b67-d8e104771cba','kakao', '87ffb722', 'False');
INSERT INTO user_profile (id, fk_user_id, nickname, short_bio, email, is_certified) VALUES ('95c89782-1cf3-454d-903d-4385e9d4c2d9','44d6393d-a1e7-4440-8b67-d8e104771cba', 'hawkinsdawn', 'Subject trade green go past necessary. Once marriage alone themselves especially best be.', 'sara68@example.com', 'True');
INSERT INTO user_image (id, fk_user_id, files_size, image_url) VALUES ('b71d58a2-733e-4a8f-af25-d6921634368a','44d6393d-a1e7-4440-8b67-d8e104771cba', 487, 'https://placekitten.com/936/721');
INSERT INTO users (id, provider, "providerId", is_active) VALUES ('61059002-d4e2-4689-a884-1d7e20021d65','kakao', '87f7072f', 'True');
INSERT INTO user_profile (id, fk_user_id, nickname, short_bio, email, is_certified) VALUES ('6d42b4c6-cc12-4ba0-91d8-cdd70013f60d','61059002-d4e2-4689-a884-1d7e20021d65', 'nicolesoto', 'Public party lead. Fire several mind agreement. Reason hundred establish grow smile above.', 'simspatrick@example.com', 'True');
INSERT INTO user_image (id, fk_user_id, files_size, image_url) VALUES ('58415ed1-0158-4f04-bc15-faa2aef7965a','61059002-d4e2-4689-a884-1d7e20021d65', 949, 'https://dummyimage.com/347x762');
INSERT INTO users (id, provider, "providerId", is_active) VALUES ('a675c8ef-a0ab-4b3d-bf06-c44621c3bda6','naver', 'debd2844', 'False');
INSERT INTO user_profile (id, fk_user_id, nickname, short_bio, email, is_certified) VALUES ('b7ac0fb0-dac0-4cf2-b741-ea3952e119a1','a675c8ef-a0ab-4b3d-bf06-c44621c3bda6', 'kylerichard', 'For certainly art painting exist.', 'qwilliams@example.org', 'True');
INSERT INTO user_image (id, fk_user_id, files_size, image_url) VALUES ('3279e68c-fbcd-4046-9039-fbe76eaf6cc3','a675c8ef-a0ab-4b3d-bf06-c44621c3bda6', 380, 'https://placekitten.com/365/313');
INSERT INTO users (id, provider, "providerId", is_active) VALUES ('c1dea3fb-7f33-43ab-abc4-6eb21f651d32','google', 'a98fcdc2', 'False');
INSERT INTO user_profile (id, fk_user_id, nickname, short_bio, email, is_certified) VALUES ('594323ac-03a1-4dfc-8747-80e583dba544','c1dea3fb-7f33-43ab-abc4-6eb21f651d32', 'arianafoster', 'Born else maintain of a. Pressure fire bad. Night consider when line rest right natural.', 'lcampos@example.com', 'False');
INSERT INTO user_image (id, fk_user_id, files_size, image_url) VALUES ('f5449ff2-7ae6-4d74-98b5-e8508b6c90b9','c1dea3fb-7f33-43ab-abc4-6eb21f651d32', 24, 'https://dummyimage.com/338x526');
INSERT INTO users (id, provider, "providerId", is_active) VALUES ('3ca825e3-f446-4e7f-9555-0b7242deab13','google', '3bca2e5f', 'False');
INSERT INTO user_profile (id, fk_user_id, nickname, short_bio, email, is_certified) VALUES ('ca675b06-716b-42a6-a6e3-d7799524103a','3ca825e3-f446-4e7f-9555-0b7242deab13', 'stevenbrown', 'Before program any herself. Stand time benefit green region win bring throw.', 'danieljones@example.net', 'True');
INSERT INTO user_image (id, fk_user_id, files_size, image_url) VALUES ('0da29f7f-7a13-4774-bf02-c12da0a002e0','3ca825e3-f446-4e7f-9555-0b7242deab13', 196, 'https://placekitten.com/308/647');
INSERT INTO users (id, provider, "providerId", is_active) VALUES ('2218cab1-020b-4278-b274-b98886dcaf98','google', 'e07b8930', 'False');
INSERT INTO user_profile (id, fk_user_id, nickname, short_bio, email, is_certified) VALUES ('a4bf76d5-b58c-41b1-b68d-c2e274dd11b5','2218cab1-020b-4278-b274-b98886dcaf98', 'othompson', 'Condition stand difference environmental civil. Great anything key standard.', 'hwillis@example.org', 'True');
INSERT INTO user_image (id, fk_user_id, files_size, image_url) VALUES ('a7cb499a-e212-4d2c-948b-f2ff2ee1144e','2218cab1-020b-4278-b274-b98886dcaf98', 357, 'https://placekitten.com/971/918');
INSERT INTO users (id, provider, "providerId", is_active) VALUES ('5a94222c-6f3c-409e-831a-34077e1a59b7','naver', 'cb0c4d33', 'True');
INSERT INTO user_profile (id, fk_user_id, nickname, short_bio, email, is_certified) VALUES ('9ac2fb08-6737-4515-b834-bf837d3c75cc','5a94222c-6f3c-409e-831a-34077e1a59b7', 'rjackson', 'Employee stay amount their most. Affect listen field along.', 'nichole04@example.net', 'False');
INSERT INTO user_image (id, fk_user_id, files_size, image_url) VALUES ('dfa2bd33-53db-4359-b981-1e011f662c8c','5a94222c-6f3c-409e-831a-34077e1a59b7', 711, 'https://placekitten.com/644/656');
INSERT INTO users (id, provider, "providerId", is_active) VALUES ('bbb3b48e-2de7-4e45-a05c-cae9606e7804','naver', '752fabb8', 'True');
INSERT INTO user_profile (id, fk_user_id, nickname, short_bio, email, is_certified) VALUES ('5cbab154-bc71-4016-99cf-1f1f088a75d1','bbb3b48e-2de7-4e45-a05c-cae9606e7804', 'alexis20', 'Rate sport put these argue camera. Factor sort three indicate get. Man say rest grow.', 'gonzalezkaylee@example.org', 'True');
INSERT INTO user_image (id, fk_user_id, files_size, image_url) VALUES ('11190527-854e-4dea-b884-43228f853adf','bbb3b48e-2de7-4e45-a05c-cae9606e7804', 322, 'https://picsum.photos/601/178');
INSERT INTO users (id, provider, "providerId", is_active) VALUES ('f1a7ba49-2217-447a-97f0-de903a659d91','naver', '4aacbf0b', 'True');
INSERT INTO user_profile (id, fk_user_id, nickname, short_bio, email, is_certified) VALUES ('51a06256-c9c2-4518-bf0e-489a11f5b1f2','f1a7ba49-2217-447a-97f0-de903a659d91', 'rossmonique', 'Board process camera action old research. All sure see party he can.', 'megan69@example.org', 'False');
INSERT INTO user_image (id, fk_user_id, files_size, image_url) VALUES ('8fa32839-404d-41ef-93d4-d491661bb28a','f1a7ba49-2217-447a-97f0-de903a659d91', 573, 'https://dummyimage.com/337x993');
INSERT INTO users (id, provider, "providerId", is_active) VALUES ('9776ce32-348d-40ef-8975-178459a03be2','naver', '81037cd7', 'False');
INSERT INTO user_profile (id, fk_user_id, nickname, short_bio, email, is_certified) VALUES ('e8eebdd5-37b7-4d61-8d4a-63ab27493053','9776ce32-348d-40ef-8975-178459a03be2', 'weststephen', 'Nothing task reach soon allow leader citizen. Yes almost new ball voice in dinner.', 'christina15@example.net', 'False');
INSERT INTO user_image (id, fk_user_id, files_size, image_url) VALUES ('6f324c06-47b4-4eff-a889-e9cbf0c468bd','9776ce32-348d-40ef-8975-178459a03be2', 414, 'https://dummyimage.com/838x356');
INSERT INTO users (id, provider, "providerId", is_active) VALUES ('57bc6a25-a37b-4217-8f37-c213c3cd756a','naver', '0ac0cf29', 'True');
INSERT INTO user_profile (id, fk_user_id, nickname, short_bio, email, is_certified) VALUES ('a5d38aaa-49a5-4986-8dfa-18649cff6188','57bc6a25-a37b-4217-8f37-c213c3cd756a', 'ortegawilliam', 'Go stage week go artist him.', 'kathrynberg@example.net', 'False');
INSERT INTO user_image (id, fk_user_id, files_size, image_url) VALUES ('3987c418-fb74-4a64-93fd-ec887dbc1ff2','57bc6a25-a37b-4217-8f37-c213c3cd756a', 664, 'https://dummyimage.com/425x918');
INSERT INTO users (id, provider, "providerId", is_active) VALUES ('86f261b8-e876-47d0-86e3-af1857f37187','kakao', 'c2851eb4', 'False');
INSERT INTO user_profile (id, fk_user_id, nickname, short_bio, email, is_certified) VALUES ('ce68b012-350f-4e65-ad1f-555654094e4a','86f261b8-e876-47d0-86e3-af1857f37187', 'tammygeorge', 'There some war type strong. Serious record player window teach education.', 'daniel52@example.org', 'True');
INSERT INTO user_image (id, fk_user_id, files_size, image_url) VALUES ('0f278876-d519-4661-b1e7-caa0759e83c1','86f261b8-e876-47d0-86e3-af1857f37187', 350, 'https://picsum.photos/34/706');
INSERT INTO users (id, provider, "providerId", is_active) VALUES ('b74e7768-f579-4103-b25c-35bcae196818','naver', '33e08623', 'True');
INSERT INTO user_profile (id, fk_user_id, nickname, short_bio, email, is_certified) VALUES ('44beeeed-54c1-4f08-a3d2-c819ebe0129f','b74e7768-f579-4103-b25c-35bcae196818', 'christopher56', 'Election support meeting knowledge interest huge. Change health stop seat goal.', 'kevin81@example.com', 'True');
INSERT INTO user_image (id, fk_user_id, files_size, image_url) VALUES ('8723e97f-6813-47f5-84fd-bb06f646c8a1','b74e7768-f579-4103-b25c-35bcae196818', 754, 'https://picsum.photos/960/517');
INSERT INTO users (id, provider, "providerId", is_active) VALUES ('9be2a812-2850-48ba-a146-69cc5bbe25af','naver', '9fc20555', 'True');
INSERT INTO user_profile (id, fk_user_id, nickname, short_bio, email, is_certified) VALUES ('0e4af793-b568-414d-a58d-38b35f7ba2c5','9be2a812-2850-48ba-a146-69cc5bbe25af', 'tlawrence', 'Official development improve federal however feel fly. Society stop wonder work.', 'eric94@example.com', 'True');
INSERT INTO user_image (id, fk_user_id, files_size, image_url) VALUES ('5996cb30-148d-4c95-8eea-1d93524cb593','9be2a812-2850-48ba-a146-69cc5bbe25af', 248, 'https://picsum.photos/44/940');
INSERT INTO users (id, provider, "providerId", is_active) VALUES ('8acf735d-c1de-4dab-811e-4b78b5421f46','naver', 'b1a69ad7', 'False');
INSERT INTO user_profile (id, fk_user_id, nickname, short_bio, email, is_certified) VALUES ('733d82fc-7fdb-4187-82c4-09644d53a04c','8acf735d-c1de-4dab-811e-4b78b5421f46', 'dkidd', 'Trial miss maintain child five thank. Character street drop choose.', 'steeleamanda@example.net', 'True');
INSERT INTO user_image (id, fk_user_id, files_size, image_url) VALUES ('86b307ae-f817-4dd8-adb6-d02ce4c5b84c','8acf735d-c1de-4dab-811e-4b78b5421f46', 341, 'https://dummyimage.com/475x44');
INSERT INTO users (id, provider, "providerId", is_active) VALUES ('d7dd40bd-868d-4aec-bf56-12fdaab17cd0','kakao', '48882bfb', 'True');
INSERT INTO user_profile (id, fk_user_id, nickname, short_bio, email, is_certified) VALUES ('1c9730e0-893e-4dd2-acd3-26a233dffb2a','d7dd40bd-868d-4aec-bf56-12fdaab17cd0', 'qhensley', 'Material music decade eight strategy. Image glass PM lose evening. Left college wrong occur.', 'ethomas@example.org', 'True');
INSERT INTO user_image (id, fk_user_id, files_size, image_url) VALUES ('2e743a7b-16b0-438e-a73e-dfa7bca8c9be','d7dd40bd-868d-4aec-bf56-12fdaab17cd0', 322, 'https://dummyimage.com/599x576');
INSERT INTO users (id, provider, "providerId", is_active) VALUES ('c7711227-f9d2-4c3d-b2ce-ac20cd24cfbc','naver', '6883b40b', 'False');
INSERT INTO user_profile (id, fk_user_id, nickname, short_bio, email, is_certified) VALUES ('c4dfc9c5-21cf-41fd-af4a-c798abf7f8b6','c7711227-f9d2-4c3d-b2ce-ac20cd24cfbc', 'amberbailey', 'Push likely standard yeah.', 'zsanchez@example.com', 'True');
INSERT INTO user_image (id, fk_user_id, files_size, image_url) VALUES ('9bacd19d-d02e-4ea7-8052-fcb9a40cd15e','c7711227-f9d2-4c3d-b2ce-ac20cd24cfbc', 350, 'https://picsum.photos/801/778');
INSERT INTO users (id, provider, "providerId", is_active) VALUES ('b918e02e-8807-4b87-af9c-74d397ee9203','kakao', '5dc8ef1c', 'True');
INSERT INTO user_profile (id, fk_user_id, nickname, short_bio, email, is_certified) VALUES ('4b7213bd-4a12-4ca0-88a2-3ce46273cb06','b918e02e-8807-4b87-af9c-74d397ee9203', 'estradajoshua', 'Everything send interest center compare happy woman similar. Sell leader unit.', 'gonzalezanthony@example.org', 'False');
INSERT INTO user_image (id, fk_user_id, files_size, image_url) VALUES ('1e89eec0-8245-401b-92ed-8461823036bb','b918e02e-8807-4b87-af9c-74d397ee9203', 164, 'https://picsum.photos/807/255');
INSERT INTO users (id, provider, "providerId", is_active) VALUES ('b3a3bbd5-3faf-40ac-9dd7-8886d27271ef','naver', 'd1529ebc', 'False');
INSERT INTO user_profile (id, fk_user_id, nickname, short_bio, email, is_certified) VALUES ('cf64a4f6-5e4a-42e3-aa31-1ad1e79815c9','b3a3bbd5-3faf-40ac-9dd7-8886d27271ef', 'lorigonzales', 'Whether black card degree president. Key vote support.', 'mario21@example.com', 'True');
INSERT INTO user_image (id, fk_user_id, files_size, image_url) VALUES ('1b818039-5f0e-428e-b081-f68f4026c9d4','b3a3bbd5-3faf-40ac-9dd7-8886d27271ef', 988, 'https://dummyimage.com/406x105');
INSERT INTO users (id, provider, "providerId", is_active) VALUES ('141385d1-4923-4bf5-a4c6-aeb8eb46d497','naver', 'fa406367', 'True');
INSERT INTO user_profile (id, fk_user_id, nickname, short_bio, email, is_certified) VALUES ('3a6d8878-7627-407b-adde-370fdb29c0bc','141385d1-4923-4bf5-a4c6-aeb8eb46d497', 'xjones', 'Up cell despite guess money special time lawyer. Listen exist fear. Usually light street continue.', 'kristina08@example.com', 'True');
INSERT INTO user_image (id, fk_user_id, files_size, image_url) VALUES ('a3b2cf64-c783-4e23-b60d-67150faffd91','141385d1-4923-4bf5-a4c6-aeb8eb46d497', 364, 'https://placekitten.com/129/828');
INSERT INTO users (id, provider, "providerId", is_active) VALUES ('a874c772-4bbc-47af-874c-75441067c76e','naver', 'f7ba168b', 'True');
INSERT INTO user_profile (id, fk_user_id, nickname, short_bio, email, is_certified) VALUES ('2cddf3a3-620f-41ed-ace5-06477a00bf40','a874c772-4bbc-47af-874c-75441067c76e', 'omar38', 'Instead white media pay a. Hit else eight admit outside Democrat. Entire through thus red pay nor.', 'charles13@example.org', 'False');
INSERT INTO user_image (id, fk_user_id, files_size, image_url) VALUES ('6f4bc904-36b0-47bd-892a-b9d5d456de3b','a874c772-4bbc-47af-874c-75441067c76e', 976, 'https://picsum.photos/531/957');
INSERT INTO users (id, provider, "providerId", is_active) VALUES ('844f001a-dd46-4444-8c31-46ea24e319cb','kakao', 'af522eac', 'False');
INSERT INTO user_profile (id, fk_user_id, nickname, short_bio, email, is_certified) VALUES ('8511c390-b258-4d4d-ba99-e7843ff52077','844f001a-dd46-4444-8c31-46ea24e319cb', 'pballard', 'Figure call change on military. Example clear voice pressure claim.', 'fmueller@example.net', 'True');
INSERT INTO user_image (id, fk_user_id, files_size, image_url) VALUES ('d2a2f861-1491-4fec-ba69-cc3d5c0fd68a','844f001a-dd46-4444-8c31-46ea24e319cb', 605, 'https://dummyimage.com/206x213');
INSERT INTO users (id, provider, "providerId", is_active) VALUES ('fe9c2040-94c1-4713-90d4-b8627e02ed0b','google', '578d1d37', 'False');
INSERT INTO user_profile (id, fk_user_id, nickname, short_bio, email, is_certified) VALUES ('3910a54a-6510-466c-b814-bd0f8d9f5b27','fe9c2040-94c1-4713-90d4-b8627e02ed0b', 'myersjohn', 'Color election enough message. Can pass grow issue.', 'atkinskaylee@example.com', 'True');
INSERT INTO user_image (id, fk_user_id, files_size, image_url) VALUES ('2ee61bc1-3df5-42ef-b0e4-1481c0d341f9','fe9c2040-94c1-4713-90d4-b8627e02ed0b', 796, 'https://placekitten.com/200/5');
INSERT INTO users (id, provider, "providerId", is_active) VALUES ('4cf8111c-1241-4d02-81d8-adc654b1ec65','naver', 'ed0b955e', 'False');
INSERT INTO user_profile (id, fk_user_id, nickname, short_bio, email, is_certified) VALUES ('6f925e9c-5b0f-46e9-9ef0-189dc512f36e','4cf8111c-1241-4d02-81d8-adc654b1ec65', 'taylor26', 'Throughout win major figure public quality. Machine draw will eat she.', 'hhill@example.com', 'False');
INSERT INTO user_image (id, fk_user_id, files_size, image_url) VALUES ('ce670f3d-9079-473f-aebd-81c9c40a59ce','4cf8111c-1241-4d02-81d8-adc654b1ec65', 225, 'https://dummyimage.com/702x880');
INSERT INTO users (id, provider, "providerId", is_active) VALUES ('7b9b4c86-5265-4c3c-8fe3-e86012bc2c82','kakao', '3aa4f813', 'True');
INSERT INTO user_profile (id, fk_user_id, nickname, short_bio, email, is_certified) VALUES ('2e1e7388-9c83-415f-9bbd-64b223d2f550','7b9b4c86-5265-4c3c-8fe3-e86012bc2c82', 'rschaefer', 'Word save class where interesting realize. Couple play under society feeling.', 'derekmiller@example.net', 'False');
INSERT INTO user_image (id, fk_user_id, files_size, image_url) VALUES ('e13a29ef-0101-4313-86cb-f8946784ac90','7b9b4c86-5265-4c3c-8fe3-e86012bc2c82', 710, 'https://placekitten.com/898/850');
INSERT INTO users (id, provider, "providerId", is_active) VALUES ('66f38a77-96c3-45a4-b23c-5eb357915973','google', 'e0335c0c', 'True');
INSERT INTO user_profile (id, fk_user_id, nickname, short_bio, email, is_certified) VALUES ('2b8d3a1f-b503-4457-8c91-9491840c182c','66f38a77-96c3-45a4-b23c-5eb357915973', 'elopez', 'Safe stop total computer admit national.', 'mannkim@example.com', 'True');
INSERT INTO user_image (id, fk_user_id, files_size, image_url) VALUES ('1d17d033-832a-4fe4-a3c2-646886c2b1ad','66f38a77-96c3-45a4-b23c-5eb357915973', 123, 'https://dummyimage.com/366x96');
INSERT INTO users (id, provider, "providerId", is_active) VALUES ('50f5ea17-42ea-4606-ad66-039018bdcb45','kakao', 'b93b10d9', 'True');
INSERT INTO user_profile (id, fk_user_id, nickname, short_bio, email, is_certified) VALUES ('c4a89293-52bd-4a88-b163-dfef4e10ef6c','50f5ea17-42ea-4606-ad66-039018bdcb45', 'jason16', 'Across about imagine card. Republican very not occur field treat.', 'fjones@example.net', 'True');
INSERT INTO user_image (id, fk_user_id, files_size, image_url) VALUES ('9e746fc7-166e-4b7e-9b1e-ef818b9a8867','50f5ea17-42ea-4606-ad66-039018bdcb45', 724, 'https://placekitten.com/327/404');
INSERT INTO users (id, provider, "providerId", is_active) VALUES ('11116715-cbe1-4b65-a249-b613a8a14e7c','google', '8cc7bfb1', 'False');
INSERT INTO user_profile (id, fk_user_id, nickname, short_bio, email, is_certified) VALUES ('3a67be32-c9be-4285-8570-10cbb582b939','11116715-cbe1-4b65-a249-b613a8a14e7c', 'riverajoshua', 'Will travel everything factor team charge thought.
Simple very us ability nice.', 'vmyers@example.net', 'False');
INSERT INTO user_image (id, fk_user_id, files_size, image_url) VALUES ('a8109b60-76d3-445c-a439-71118e936f43','11116715-cbe1-4b65-a249-b613a8a14e7c', 97, 'https://picsum.photos/286/750');
INSERT INTO users (id, provider, "providerId", is_active) VALUES ('8eab1c4a-5b58-4fa1-a738-8cd62fc859c7','naver', 'ea666086', 'False');
INSERT INTO user_profile (id, fk_user_id, nickname, short_bio, email, is_certified) VALUES ('faf73507-369c-4d47-9eae-860db4b03705','8eab1c4a-5b58-4fa1-a738-8cd62fc859c7', 'campbellamanda', 'It media gas peace watch kid drive condition. Need political artist style son Democrat section.', 'zlynch@example.com', 'False');
INSERT INTO user_image (id, fk_user_id, files_size, image_url) VALUES ('10f81393-d891-424a-a2b6-12a67f1916bf','8eab1c4a-5b58-4fa1-a738-8cd62fc859c7', 405, 'https://placekitten.com/342/872');
INSERT INTO users (id, provider, "providerId", is_active) VALUES ('93e1bec0-9bf4-4b6a-b170-cb0a5485f049','google', '97555f84', 'True');
INSERT INTO user_profile (id, fk_user_id, nickname, short_bio, email, is_certified) VALUES ('9d24f9df-9ffd-4d2b-ab1b-31498149776c','93e1bec0-9bf4-4b6a-b170-cb0a5485f049', 'phillipsryan', 'Center third myself walk task audience. Option each when exactly specific response.', 'kathleen39@example.org', 'False');
INSERT INTO user_image (id, fk_user_id, files_size, image_url) VALUES ('bb99b706-736c-4e4f-a526-12d443f08571','93e1bec0-9bf4-4b6a-b170-cb0a5485f049', 752, 'https://dummyimage.com/49x556');
INSERT INTO users (id, provider, "providerId", is_active) VALUES ('0c4efe49-fbcc-46fc-9320-4679fe45e06c','naver', '8c6224ba', 'True');
INSERT INTO user_profile (id, fk_user_id, nickname, short_bio, email, is_certified) VALUES ('52651cf4-4d4a-4f9e-ad43-b52f1ef62d1b','0c4efe49-fbcc-46fc-9320-4679fe45e06c', 'robertorr', 'Which blood since place produce pass side these. Explain after author.', 'griffinmegan@example.com', 'True');
INSERT INTO user_image (id, fk_user_id, files_size, image_url) VALUES ('3ea03c09-fad4-4f80-b1f5-5c756d28837d','0c4efe49-fbcc-46fc-9320-4679fe45e06c', 504, 'https://picsum.photos/593/613');
INSERT INTO users (id, provider, "providerId", is_active) VALUES ('edf0fcd7-a317-40af-8fed-9060955cb721','naver', 'b52ce63e', 'False');
INSERT INTO user_profile (id, fk_user_id, nickname, short_bio, email, is_certified) VALUES ('fb4b8d50-6ae3-4d7f-b044-749121821a57','edf0fcd7-a317-40af-8fed-9060955cb721', 'mbrown', 'Party power production ten guy want draw. Ever sign ever sort assume.', 'carolmartinez@example.net', 'True');
INSERT INTO user_image (id, fk_user_id, files_size, image_url) VALUES ('01cfda50-49d1-458d-8a2f-cbff2ad9156b','edf0fcd7-a317-40af-8fed-9060955cb721', 245, 'https://placekitten.com/581/583');
INSERT INTO users (id, provider, "providerId", is_active) VALUES ('35d5894b-aeba-470d-83b8-b7db2a6a69f4','kakao', '59dee6c7', 'False');
INSERT INTO user_profile (id, fk_user_id, nickname, short_bio, email, is_certified) VALUES ('17eedfdd-bfca-4aad-a06e-23a53037b69f','35d5894b-aeba-470d-83b8-b7db2a6a69f4', 'tom56', 'Media letter citizen race six per. Father second whom senior check kind trade.', 'stephen72@example.com', 'False');
INSERT INTO user_image (id, fk_user_id, files_size, image_url) VALUES ('229825d3-a12f-423e-b5f5-69943758c7d8','35d5894b-aeba-470d-83b8-b7db2a6a69f4', 290, 'https://placekitten.com/667/30');
INSERT INTO users (id, provider, "providerId", is_active) VALUES ('6e60cbc4-b60f-4c81-b2ee-89fd5a3b242e','naver', 'cc898e4d', 'True');
INSERT INTO user_profile (id, fk_user_id, nickname, short_bio, email, is_certified) VALUES ('76276e8e-f7b7-4b77-832b-c297be2432a0','6e60cbc4-b60f-4c81-b2ee-89fd5a3b242e', 'igray', 'Quite hope maybe enough. Information tend month scene finish book.', 'xholland@example.org', 'False');
INSERT INTO user_image (id, fk_user_id, files_size, image_url) VALUES ('e29eabf7-314d-49e4-b65c-2be427c179a5','6e60cbc4-b60f-4c81-b2ee-89fd5a3b242e', 69, 'https://placekitten.com/162/363');
INSERT INTO users (id, provider, "providerId", is_active) VALUES ('cc89b083-ca00-4eea-b4d1-64143adcc392','kakao', 'a7c250f8', 'True');
INSERT INTO user_profile (id, fk_user_id, nickname, short_bio, email, is_certified) VALUES ('d3a16256-2096-4cef-9120-154063d4fe05','cc89b083-ca00-4eea-b4d1-64143adcc392', 'jasondavenport', 'Agree class send career them. Pull media deal. Break age international population.', 'jmarshall@example.org', 'True');
INSERT INTO user_image (id, fk_user_id, files_size, image_url) VALUES ('b9bf2459-0405-4789-b647-54e96357ac64','cc89b083-ca00-4eea-b4d1-64143adcc392', 476, 'https://dummyimage.com/872x1001');
INSERT INTO users (id, provider, "providerId", is_active) VALUES ('70a43945-8df7-4477-a883-55bc3d254c76','kakao', 'a96814bf', 'True');
INSERT INTO user_profile (id, fk_user_id, nickname, short_bio, email, is_certified) VALUES ('d1c80c2e-236b-41fa-81d0-f5a6e77f7eda','70a43945-8df7-4477-a883-55bc3d254c76', 'dgonzalez', 'Glass expert course idea nothing hope. Tonight receive visit trip begin I.', 'hernandezalbert@example.com', 'False');
INSERT INTO user_image (id, fk_user_id, files_size, image_url) VALUES ('96866672-5384-4674-b7dd-e2806edc3aa5','70a43945-8df7-4477-a883-55bc3d254c76', 17, 'https://picsum.photos/615/281');
INSERT INTO users (id, provider, "providerId", is_active) VALUES ('bd1fae80-6b18-4ab2-884f-0139c4409e24','google', '871669fe', 'True');
INSERT INTO user_profile (id, fk_user_id, nickname, short_bio, email, is_certified) VALUES ('cd7b0011-6810-4253-8b84-ddc0cb03b2ec','bd1fae80-6b18-4ab2-884f-0139c4409e24', 'kristiwilson', 'Catch method those. Can quality ball certainly camera. People still decade career.', 'andrea19@example.org', 'True');
INSERT INTO user_image (id, fk_user_id, files_size, image_url) VALUES ('d9ca6861-a43f-4715-827c-ea1c33109a1b','bd1fae80-6b18-4ab2-884f-0139c4409e24', 835, 'https://dummyimage.com/738x936');
INSERT INTO users (id, provider, "providerId", is_active) VALUES ('c61ef328-8bb3-4038-bca4-24140e01b931','google', '4ddac279', 'True');
INSERT INTO user_profile (id, fk_user_id, nickname, short_bio, email, is_certified) VALUES ('abebc764-125c-43e4-9ef1-b4bae60dd789','c61ef328-8bb3-4038-bca4-24140e01b931', 'matthew46', 'Film charge you reality evidence. Hotel according else Mrs which. Fine help produce kitchen.', 'jennifercoleman@example.org', 'True');
INSERT INTO user_image (id, fk_user_id, files_size, image_url) VALUES ('4fa2632d-3fd7-48ad-b2a3-d63e6ff7d537','c61ef328-8bb3-4038-bca4-24140e01b931', 785, 'https://placekitten.com/339/11');
INSERT INTO users (id, provider, "providerId", is_active) VALUES ('6225149c-e5a6-4349-86e5-a265cbad0c13','google', '4612e82c', 'True');
INSERT INTO user_profile (id, fk_user_id, nickname, short_bio, email, is_certified) VALUES ('b98a5d7a-9d4d-454d-a7b1-e6144b78b607','6225149c-e5a6-4349-86e5-a265cbad0c13', 'pgarrett', 'Director get source individual two. Public conference help stop song.', 'fwhitehead@example.org', 'True');
INSERT INTO user_image (id, fk_user_id, files_size, image_url) VALUES ('e3d6a328-e534-4ac4-9c7f-3e1d1e6ec3ab','6225149c-e5a6-4349-86e5-a265cbad0c13', 623, 'https://picsum.photos/398/529');
INSERT INTO users (id, provider, "providerId", is_active) VALUES ('24dec7af-828a-4583-95f7-7407f0afa13c','kakao', '4e75909d', 'False');
INSERT INTO user_profile (id, fk_user_id, nickname, short_bio, email, is_certified) VALUES ('fe8b7814-0742-495e-a7b2-1f81b93e438c','24dec7af-828a-4583-95f7-7407f0afa13c', 'leslieortega', 'Color side tell president compare. Might general community notice wind.', 'ywilliamson@example.org', 'False');
INSERT INTO user_image (id, fk_user_id, files_size, image_url) VALUES ('de445d8d-725a-4e33-b839-d605b6347cfd','24dec7af-828a-4583-95f7-7407f0afa13c', 177, 'https://dummyimage.com/1x849');
INSERT INTO users (id, provider, "providerId", is_active) VALUES ('267aeea9-c9dc-4232-bb0a-45746329678b','naver', '5797c6d1', 'False');
INSERT INTO user_profile (id, fk_user_id, nickname, short_bio, email, is_certified) VALUES ('1da30dd4-b8b5-4f28-aee2-d3ae53507d25','267aeea9-c9dc-4232-bb0a-45746329678b', 'justinhodge', 'Remain lawyer heavy everybody. Remain born daughter compare figure. Worry alone similar cultural.', 'amanda56@example.org', 'False');
INSERT INTO user_image (id, fk_user_id, files_size, image_url) VALUES ('ba5d2434-95c3-4c06-a713-364ba12da012','267aeea9-c9dc-4232-bb0a-45746329678b', 318, 'https://picsum.photos/315/444');
INSERT INTO users (id, provider, "providerId", is_active) VALUES ('5294fb2a-d046-4e25-b51e-b4bfffbc569d','kakao', '706b2589', 'False');
INSERT INTO user_profile (id, fk_user_id, nickname, short_bio, email, is_certified) VALUES ('782b7c9d-2d65-4d69-b6f5-1ee9bdb5c2cf','5294fb2a-d046-4e25-b51e-b4bfffbc569d', 'qmartin', 'Small community including investment else industry sing between. Reveal yes visit hear word.', 'bartlettdaniel@example.com', 'False');
INSERT INTO user_image (id, fk_user_id, files_size, image_url) VALUES ('abc0c109-e2e1-455b-8db6-41970b3ef409','5294fb2a-d046-4e25-b51e-b4bfffbc569d', 748, 'https://placekitten.com/135/22');
INSERT INTO users (id, provider, "providerId", is_active) VALUES ('6126868d-7c70-4371-848b-d3b698449fe8','kakao', 'fae36638', 'False');
INSERT INTO user_profile (id, fk_user_id, nickname, short_bio, email, is_certified) VALUES ('28c4174e-2232-4322-98d3-bf627927ec07','6126868d-7c70-4371-848b-d3b698449fe8', 'kristina18', 'Turn financial action son natural. Coach after from politics build arrive.', 'onealjeff@example.org', 'False');
INSERT INTO user_image (id, fk_user_id, files_size, image_url) VALUES ('d8834225-eaca-40ee-b9b2-b3a563cb08ba','6126868d-7c70-4371-848b-d3b698449fe8', 403, 'https://picsum.photos/178/812');
INSERT INTO users (id, provider, "providerId", is_active) VALUES ('62627fe8-d1ec-49ce-b148-6450e7d62ac7','kakao', '6b30c284', 'False');
INSERT INTO user_profile (id, fk_user_id, nickname, short_bio, email, is_certified) VALUES ('4cf5bb37-e9b7-4e25-85c4-2da2bf33effd','62627fe8-d1ec-49ce-b148-6450e7d62ac7', 'carolhurley', 'Election usually individual value market night federal. Specific speak report southern sometimes.', 'jeremy61@example.com', 'True');
INSERT INTO user_image (id, fk_user_id, files_size, image_url) VALUES ('ab4f06a3-b336-4722-8acf-dd4e09ff25c5','62627fe8-d1ec-49ce-b148-6450e7d62ac7', 333, 'https://placekitten.com/960/134');
INSERT INTO users (id, provider, "providerId", is_active) VALUES ('109fe9e8-94b7-460a-b096-e1b7f7a44c4e','google', 'fbc5030f', 'False');
INSERT INTO user_profile (id, fk_user_id, nickname, short_bio, email, is_certified) VALUES ('465bcb91-848c-464e-af46-a51077af2a81','109fe9e8-94b7-460a-b096-e1b7f7a44c4e', 'cindyrice', 'Person style newspaper manage.', 'christinealvarez@example.net', 'True');
INSERT INTO user_image (id, fk_user_id, files_size, image_url) VALUES ('66c1ac48-46f6-4a98-bbd5-e9274751b4d6','109fe9e8-94b7-460a-b096-e1b7f7a44c4e', 388, 'https://dummyimage.com/827x29');
INSERT INTO users (id, provider, "providerId", is_active) VALUES ('3b091b6b-0c3f-4755-a942-8067cc4cf9f7','naver', '2e60933c', 'False');
INSERT INTO user_profile (id, fk_user_id, nickname, short_bio, email, is_certified) VALUES ('f64b804a-7e62-4e7b-87cd-30f76fb27622','3b091b6b-0c3f-4755-a942-8067cc4cf9f7', 'maryburke', 'Especially different after class or money. Box about according bag simple need process important.', 'sanchezjoseph@example.net', 'True');
INSERT INTO user_image (id, fk_user_id, files_size, image_url) VALUES ('da99461a-d558-4198-aa24-ea5c492e43d8','3b091b6b-0c3f-4755-a942-8067cc4cf9f7', 978, 'https://placekitten.com/986/239');
INSERT INTO users (id, provider, "providerId", is_active) VALUES ('d342adb8-a05f-4158-b2a7-6761dc54491e','kakao', 'a80b7113', 'False');
INSERT INTO user_profile (id, fk_user_id, nickname, short_bio, email, is_certified) VALUES ('c9e51f89-c60c-46af-aecd-2c56780ccc0f','d342adb8-a05f-4158-b2a7-6761dc54491e', 'kelly19', 'Scientist big early color political participant answer.', 'johnsonjames@example.net', 'False');
INSERT INTO user_image (id, fk_user_id, files_size, image_url) VALUES ('a25e4d3b-65d8-4dc9-bdea-2a955a0de66c','d342adb8-a05f-4158-b2a7-6761dc54491e', 750, 'https://picsum.photos/423/604');
INSERT INTO users (id, provider, "providerId", is_active) VALUES ('3d9303cf-24d8-4393-a619-994baffc3d8b','google', '3fcb5e18', 'False');
INSERT INTO user_profile (id, fk_user_id, nickname, short_bio, email, is_certified) VALUES ('82239f85-1f7d-4d4b-a8f5-80522fbde6f0','3d9303cf-24d8-4393-a619-994baffc3d8b', 'delgadomichael', 'Hundred cost guess. Top citizen thousand receive summer word. Media letter force buy.', 'fjones@example.net', 'True');
INSERT INTO user_image (id, fk_user_id, files_size, image_url) VALUES ('309447b6-106f-415c-b76e-0036321e4f84','3d9303cf-24d8-4393-a619-994baffc3d8b', 544, 'https://picsum.photos/435/387');
INSERT INTO users (id, provider, "providerId", is_active) VALUES ('240087c4-bda3-401a-8203-979d06c2ecd3','kakao', '83871cc8', 'True');
INSERT INTO user_profile (id, fk_user_id, nickname, short_bio, email, is_certified) VALUES ('f4039353-18cf-4e33-baef-c178eb116237','240087c4-bda3-401a-8203-979d06c2ecd3', 'denise47', 'Early report tend look. Player account somebody idea enter forget father term.', 'jimmymiller@example.net', 'True');
INSERT INTO user_image (id, fk_user_id, files_size, image_url) VALUES ('4c8a8ea2-8745-4776-a210-27d0ddf9ce98','240087c4-bda3-401a-8203-979d06c2ecd3', 787, 'https://placekitten.com/974/499');
INSERT INTO users (id, provider, "providerId", is_active) VALUES ('e339bc80-b3bf-45f2-a99d-203d8c4b3b89','google', '3ef74b4e', 'True');
INSERT INTO user_profile (id, fk_user_id, nickname, short_bio, email, is_certified) VALUES ('e59162fa-d438-4c2b-85a4-34b74858c01f','e339bc80-b3bf-45f2-a99d-203d8c4b3b89', 'gina62', 'Well cultural next campaign offer director side.', 'davidsonjohn@example.net', 'False');
INSERT INTO user_image (id, fk_user_id, files_size, image_url) VALUES ('03e2e954-9d48-4e1d-9291-cb215c0bdc7d','e339bc80-b3bf-45f2-a99d-203d8c4b3b89', 789, 'https://placekitten.com/135/854');
INSERT INTO users (id, provider, "providerId", is_active) VALUES ('1f0c40d4-2e05-4a25-bfdf-73e0811a3a59','naver', '0f07ca79', 'False');
INSERT INTO user_profile (id, fk_user_id, nickname, short_bio, email, is_certified) VALUES ('65de4100-9405-4479-90bd-d0f42896606b','1f0c40d4-2e05-4a25-bfdf-73e0811a3a59', 'stevensnicholas', 'Relationship music perform must mind choose. Give compare natural will last once.', 'dixonbryce@example.net', 'False');
INSERT INTO user_image (id, fk_user_id, files_size, image_url) VALUES ('b0bb6aa3-f310-4b40-aa93-663deb058b4c','1f0c40d4-2e05-4a25-bfdf-73e0811a3a59', 936, 'https://dummyimage.com/183x138');
INSERT INTO users (id, provider, "providerId", is_active) VALUES ('0ec5d41a-a876-4742-a7bd-3a585ec8cfb0','google', '5a43b5ed', 'True');
INSERT INTO user_profile (id, fk_user_id, nickname, short_bio, email, is_certified) VALUES ('ef68162b-1087-4222-9935-cc51d601408b','0ec5d41a-a876-4742-a7bd-3a585ec8cfb0', 'juliebolton', 'Model participant mean treat. Day American entire.', 'jessicacannon@example.net', 'True');
INSERT INTO user_image (id, fk_user_id, files_size, image_url) VALUES ('45ab2945-0f28-4c25-af96-2381784326ad','0ec5d41a-a876-4742-a7bd-3a585ec8cfb0', 641, 'https://dummyimage.com/30x321');
INSERT INTO users (id, provider, "providerId", is_active) VALUES ('820168ed-6c0c-4b4a-bf18-d0c712a1c918','kakao', '61255099', 'False');
INSERT INTO user_profile (id, fk_user_id, nickname, short_bio, email, is_certified) VALUES ('fb16f12d-8763-4090-a143-bd913243fe6a','820168ed-6c0c-4b4a-bf18-d0c712a1c918', 'sandradean', 'Machine write heavy hit word you rate. Clearly student including.', 'tommyjones@example.net', 'True');
INSERT INTO user_image (id, fk_user_id, files_size, image_url) VALUES ('0776f4d5-7ab0-4a18-b68d-9f01004fc28d','820168ed-6c0c-4b4a-bf18-d0c712a1c918', 975, 'https://picsum.photos/12/124');
INSERT INTO users (id, provider, "providerId", is_active) VALUES ('2d95d5d0-a3e8-4df1-93ca-00769466a9c2','kakao', '4bb19346', 'False');
INSERT INTO user_profile (id, fk_user_id, nickname, short_bio, email, is_certified) VALUES ('363ebff2-0284-48ee-8e94-4b197b5e4974','2d95d5d0-a3e8-4df1-93ca-00769466a9c2', 'youngtimothy', 'World discussion keep into more simply laugh yard. Current part that since that just common.', 'ecarrillo@example.org', 'True');
INSERT INTO user_image (id, fk_user_id, files_size, image_url) VALUES ('03aa16a2-ac15-4829-8580-64e0d52816d3','2d95d5d0-a3e8-4df1-93ca-00769466a9c2', 787, 'https://placekitten.com/509/757');
INSERT INTO users (id, provider, "providerId", is_active) VALUES ('ecc4d1eb-810c-475a-bcf5-691738ed38a4','google', '37978f7f', 'False');
INSERT INTO user_profile (id, fk_user_id, nickname, short_bio, email, is_certified) VALUES ('3a5c30ad-ff65-4cfe-a502-d2d20b14a917','ecc4d1eb-810c-475a-bcf5-691738ed38a4', 'kmckinney', 'Cover determine five yet. Tonight firm expect hard happy.', 'elizabeth46@example.com', 'True');
INSERT INTO user_image (id, fk_user_id, files_size, image_url) VALUES ('4cda2cc9-a644-4816-abc1-8bfe367c21ec','ecc4d1eb-810c-475a-bcf5-691738ed38a4', 112, 'https://placekitten.com/912/667');
INSERT INTO users (id, provider, "providerId", is_active) VALUES ('01b55b20-a303-407a-94b4-dbca53cc81ea','kakao', '65a7dafc', 'False');
INSERT INTO user_profile (id, fk_user_id, nickname, short_bio, email, is_certified) VALUES ('aaff61d1-a8a2-4855-9b5f-eddebd5557d4','01b55b20-a303-407a-94b4-dbca53cc81ea', 'russellnolan', 'Increase through look west skin. Never his field care so herself.', 'dennis04@example.com', 'True');
INSERT INTO user_image (id, fk_user_id, files_size, image_url) VALUES ('be910c40-3bfa-46f8-bf96-2b70f3b75a9f','01b55b20-a303-407a-94b4-dbca53cc81ea', 790, 'https://placekitten.com/361/115');
INSERT INTO users (id, provider, "providerId", is_active) VALUES ('d068f97f-1b6e-46a8-9f11-7c7851d77e83','kakao', '278d637a', 'True');
INSERT INTO user_profile (id, fk_user_id, nickname, short_bio, email, is_certified) VALUES ('27457720-d44d-4661-8288-dd22925b9d95','d068f97f-1b6e-46a8-9f11-7c7851d77e83', 'terri41', 'Tree get court senior those. Region but car need audience member hot.', 'danielyoung@example.org', 'False');
INSERT INTO user_image (id, fk_user_id, files_size, image_url) VALUES ('7066b363-baf0-462c-8835-e4ca9d5531dd','d068f97f-1b6e-46a8-9f11-7c7851d77e83', 382, 'https://placekitten.com/33/683');
INSERT INTO users (id, provider, "providerId", is_active) VALUES ('50604f8f-5091-4621-b87a-574fd2a84c33','naver', 'c9b89130', 'True');
INSERT INTO user_profile (id, fk_user_id, nickname, short_bio, email, is_certified) VALUES ('10a53c44-9bb9-4124-8edf-8f24eb6442a1','50604f8f-5091-4621-b87a-574fd2a84c33', 'joshua64', 'Picture line share study. Should big study new entire too.', 'devin83@example.com', 'False');
INSERT INTO user_image (id, fk_user_id, files_size, image_url) VALUES ('0e606bdf-3b3e-470b-a1a5-291a27f942ed','50604f8f-5091-4621-b87a-574fd2a84c33', 426, 'https://placekitten.com/607/362');
INSERT INTO users (id, provider, "providerId", is_active) VALUES ('f743fbcc-2958-4f38-a545-dc19ca32b0da','google', 'c6dba486', 'True');
INSERT INTO user_profile (id, fk_user_id, nickname, short_bio, email, is_certified) VALUES ('152a7a9c-d691-476b-9180-ca4bf238b99e','f743fbcc-2958-4f38-a545-dc19ca32b0da', 'beckdarren', 'Reflect west concern check behind agree. Fill TV writer rise. Ability its often.', 'varias@example.com', 'False');
INSERT INTO user_image (id, fk_user_id, files_size, image_url) VALUES ('91821b0b-46f2-4e7f-af6b-857938ace47a','f743fbcc-2958-4f38-a545-dc19ca32b0da', 86, 'https://picsum.photos/189/772');
INSERT INTO users (id, provider, "providerId", is_active) VALUES ('4b2155bb-7849-44bb-a7de-930f9876dcfe','google', '8fd35552', 'True');
INSERT INTO user_profile (id, fk_user_id, nickname, short_bio, email, is_certified) VALUES ('0c86591b-1ff4-480c-ac2a-589f245bd801','4b2155bb-7849-44bb-a7de-930f9876dcfe', 'maria37', 'Hundred southern event choice smile put on. Reflect budget range example stock give individual bad.', 'mary72@example.net', 'False');
INSERT INTO user_image (id, fk_user_id, files_size, image_url) VALUES ('f8766c1e-ea34-4040-8458-57dc21b29ba2','4b2155bb-7849-44bb-a7de-930f9876dcfe', 82, 'https://picsum.photos/59/873');
INSERT INTO users (id, provider, "providerId", is_active) VALUES ('2874e6e1-b686-49a3-b05f-9e34bd6ff2e9','google', '0d4a354a', 'False');
INSERT INTO user_profile (id, fk_user_id, nickname, short_bio, email, is_certified) VALUES ('8cd53227-5718-46da-bfeb-980935c8c050','2874e6e1-b686-49a3-b05f-9e34bd6ff2e9', 'slindsey', 'Charge girl artist firm final much. Check wear ever per right call finish.', 'jason58@example.org', 'True');
INSERT INTO user_image (id, fk_user_id, files_size, image_url) VALUES ('0b81e515-0705-4fef-9c79-5c3a717cf13d','2874e6e1-b686-49a3-b05f-9e34bd6ff2e9', 494, 'https://placekitten.com/582/438');
INSERT INTO users (id, provider, "providerId", is_active) VALUES ('43863267-a771-48ab-8b8d-b0c1ff93b367','kakao', 'f81e683b', 'True');
INSERT INTO user_profile (id, fk_user_id, nickname, short_bio, email, is_certified) VALUES ('1bb302c8-3d65-4f60-b272-272ad358ab1d','43863267-a771-48ab-8b8d-b0c1ff93b367', 'john65', 'Purpose college pattern eight risk. Involve deal figure within sense week change coach.', 'emily94@example.org', 'True');
INSERT INTO user_image (id, fk_user_id, files_size, image_url) VALUES ('16b418e0-9b05-4d4d-8b6a-d48496f236c4','43863267-a771-48ab-8b8d-b0c1ff93b367', 398, 'https://picsum.photos/840/753');
INSERT INTO users (id, provider, "providerId", is_active) VALUES ('07ebf23d-99ab-44bd-8de3-68ac121a1182','naver', 'b66787b9', 'False');
INSERT INTO user_profile (id, fk_user_id, nickname, short_bio, email, is_certified) VALUES ('b3969f7e-c32a-4740-b3ff-a567c870bcab','07ebf23d-99ab-44bd-8de3-68ac121a1182', 'franklinjoshua', 'Institution visit word course plan consumer. Almost certainly recent.', 'raymond93@example.com', 'False');
INSERT INTO user_image (id, fk_user_id, files_size, image_url) VALUES ('2204b01b-e5f6-4c27-ad90-de12ef0d58b8','07ebf23d-99ab-44bd-8de3-68ac121a1182', 654, 'https://dummyimage.com/507x46');
INSERT INTO users (id, provider, "providerId", is_active) VALUES ('b1edf178-a03e-41d0-b722-b35eef244cc3','naver', '79cb04bc', 'True');
INSERT INTO user_profile (id, fk_user_id, nickname, short_bio, email, is_certified) VALUES ('9a6259f4-dfe3-434f-a34f-a905c3a1c5b8','b1edf178-a03e-41d0-b722-b35eef244cc3', 'ywallace', 'Cost rest party responsibility identify window. Suggest pattern space letter would reveal face.', 'kschultz@example.com', 'False');
INSERT INTO user_image (id, fk_user_id, files_size, image_url) VALUES ('3b721693-cb6d-40ca-88f9-e1914c1319bb','b1edf178-a03e-41d0-b722-b35eef244cc3', 900, 'https://placekitten.com/231/448');
INSERT INTO users (id, provider, "providerId", is_active) VALUES ('b83544eb-4490-4407-998b-93e58064306a','kakao', '6f94508c', 'False');
INSERT INTO user_profile (id, fk_user_id, nickname, short_bio, email, is_certified) VALUES ('489f83a8-97bb-49c8-8864-0f72bdbe1590','b83544eb-4490-4407-998b-93e58064306a', 'kevinblack', 'Condition catch often international four against themselves. Gas certainly yet camera show.', 'xadams@example.com', 'True');
INSERT INTO user_image (id, fk_user_id, files_size, image_url) VALUES ('7523cb01-4cf0-43a9-a824-baad57c1f569','b83544eb-4490-4407-998b-93e58064306a', 778, 'https://placekitten.com/615/335');
INSERT INTO users (id, provider, "providerId", is_active) VALUES ('902a856e-f5b0-4860-b4de-0c938d9d6b3f','kakao', '22c10181', 'True');
INSERT INTO user_profile (id, fk_user_id, nickname, short_bio, email, is_certified) VALUES ('abd265af-548f-4aed-89f2-2ec36cbd463b','902a856e-f5b0-4860-b4de-0c938d9d6b3f', 'laurawalsh', 'Business nor despite leader involve recently challenge.', 'brenda15@example.net', 'False');
INSERT INTO user_image (id, fk_user_id, files_size, image_url) VALUES ('ea9358a6-b227-4de0-b1af-1616177a9f4e','902a856e-f5b0-4860-b4de-0c938d9d6b3f', 323, 'https://placekitten.com/451/591');
INSERT INTO users (id, provider, "providerId", is_active) VALUES ('e255b42d-45ba-4560-a895-8ce4fe9900e7','naver', 'dcce45a6', 'True');
INSERT INTO user_profile (id, fk_user_id, nickname, short_bio, email, is_certified) VALUES ('e9a8f86f-1168-48b6-a7d7-76bbcea9deb2','e255b42d-45ba-4560-a895-8ce4fe9900e7', 'kparks', 'Everybody fine wear would machine wait plant. Many similar cost contain.', 'hsnow@example.com', 'True');
INSERT INTO user_image (id, fk_user_id, files_size, image_url) VALUES ('6697f15e-b4b2-4079-94fb-dce71aae6041','e255b42d-45ba-4560-a895-8ce4fe9900e7', 572, 'https://picsum.photos/614/909');
INSERT INTO users (id, provider, "providerId", is_active) VALUES ('e6461ad1-da72-41ba-a018-be61ac796a22','naver', '881dc3fd', 'True');
INSERT INTO user_profile (id, fk_user_id, nickname, short_bio, email, is_certified) VALUES ('82b79ee1-54e4-4237-8788-87a530d32835','e6461ad1-da72-41ba-a018-be61ac796a22', 'traceyfisher', 'Opportunity report member our. Trouble hour current wonder economy.', 'kevin20@example.net', 'True');
INSERT INTO user_image (id, fk_user_id, files_size, image_url) VALUES ('48a13973-61aa-490d-89ee-d413c909cfd2','e6461ad1-da72-41ba-a018-be61ac796a22', 508, 'https://placekitten.com/575/18');
INSERT INTO users (id, provider, "providerId", is_active) VALUES ('bb195d4c-561c-4bea-9006-0fa61d1d2bd3','naver', '868b96bb', 'True');
INSERT INTO user_profile (id, fk_user_id, nickname, short_bio, email, is_certified) VALUES ('317f4f7a-7e49-48c6-8828-c4a5e5004a8d','bb195d4c-561c-4bea-9006-0fa61d1d2bd3', 'gutierrezsteven', 'Account event floor reason. Let debate get hope. Agency few say opportunity economic perform with.', 'tmora@example.org', 'True');
INSERT INTO user_image (id, fk_user_id, files_size, image_url) VALUES ('39e54b30-e18e-40f6-b161-69ef40ca2810','bb195d4c-561c-4bea-9006-0fa61d1d2bd3', 908, 'https://dummyimage.com/443x24');
INSERT INTO users (id, provider, "providerId", is_active) VALUES ('9844206f-d246-4e7d-a9bd-3ee950b82719','kakao', 'ac5141e5', 'False');
INSERT INTO user_profile (id, fk_user_id, nickname, short_bio, email, is_certified) VALUES ('c0695ed5-2b93-4a72-9833-710aa6fcefc0','9844206f-d246-4e7d-a9bd-3ee950b82719', 'lynn83', 'Threat figure former society bit simple.
Yourself future effort beat.', 'laurie63@example.org', 'False');
INSERT INTO user_image (id, fk_user_id, files_size, image_url) VALUES ('265e9d23-4d1f-4594-814b-6462588b8770','9844206f-d246-4e7d-a9bd-3ee950b82719', 988, 'https://dummyimage.com/570x3');
INSERT INTO users (id, provider, "providerId", is_active) VALUES ('d0646a37-e182-40b6-8037-6225984a4431','kakao', '3104f53d', 'True');
INSERT INTO user_profile (id, fk_user_id, nickname, short_bio, email, is_certified) VALUES ('4cb1105b-d49b-4db6-afe7-7f90be604809','d0646a37-e182-40b6-8037-6225984a4431', 'mcastillo', 'Behind here consider should. Four method any science.', 'jamesjohnson@example.org', 'True');
INSERT INTO user_image (id, fk_user_id, files_size, image_url) VALUES ('fb61aa0b-5592-4ed5-aee1-be2e36dfcd51','d0646a37-e182-40b6-8037-6225984a4431', 776, 'https://placekitten.com/333/174');
INSERT INTO users (id, provider, "providerId", is_active) VALUES ('80f000c6-ea49-4f16-bb77-680a5a99f65a','naver', '411c43e4', 'False');
INSERT INTO user_profile (id, fk_user_id, nickname, short_bio, email, is_certified) VALUES ('27bd8fb9-ddf2-4a65-a692-272784874280','80f000c6-ea49-4f16-bb77-680a5a99f65a', 'lisaavila', 'Free treatment how laugh statement once. Science another stay red personal.', 'yeseniabrown@example.org', 'True');
INSERT INTO user_image (id, fk_user_id, files_size, image_url) VALUES ('58d21440-9f1f-416d-9bfb-056866579ea9','80f000c6-ea49-4f16-bb77-680a5a99f65a', 45, 'https://picsum.photos/154/123');
INSERT INTO users (id, provider, "providerId", is_active) VALUES ('00172f45-b29c-449d-8e62-673fe552f754','naver', 'f2065871', 'True');
INSERT INTO user_profile (id, fk_user_id, nickname, short_bio, email, is_certified) VALUES ('3e442245-a774-4aaa-8622-db2c3d5a2eb2','00172f45-b29c-449d-8e62-673fe552f754', 'smithadam', 'Door structure seem check.', 'kwells@example.net', 'False');
INSERT INTO user_image (id, fk_user_id, files_size, image_url) VALUES ('98c976dd-e776-4da5-ab6f-b9e0a837b26a','00172f45-b29c-449d-8e62-673fe552f754', 260, 'https://placekitten.com/809/755');
INSERT INTO users (id, provider, "providerId", is_active) VALUES ('5f2ec2dd-5d1f-471d-bada-f7e9bcb7200a','naver', '0029bdc3', 'True');
INSERT INTO user_profile (id, fk_user_id, nickname, short_bio, email, is_certified) VALUES ('cf18f9cf-a904-4598-afa7-f67dcfd042de','5f2ec2dd-5d1f-471d-bada-f7e9bcb7200a', 'timothy92', 'Number half painting stand rich budget fact. Understand place would choose force.', 'rebecca93@example.org', 'False');
INSERT INTO user_image (id, fk_user_id, files_size, image_url) VALUES ('3d737aa2-6884-4b5a-ba67-6e0295cbf5c1','5f2ec2dd-5d1f-471d-bada-f7e9bcb7200a', 187, 'https://picsum.photos/52/167');
INSERT INTO users (id, provider, "providerId", is_active) VALUES ('765f516e-16c8-45e7-81f9-5353acbe8b1e','naver', '72d7ba99', 'False');
INSERT INTO user_profile (id, fk_user_id, nickname, short_bio, email, is_certified) VALUES ('e042ea64-b1d9-4b24-b1dd-c335b6adddff','765f516e-16c8-45e7-81f9-5353acbe8b1e', 'amandamedina', 'Behind process ago thousand democratic none. Information detail play world despite.', 'ruizkathleen@example.net', 'False');
INSERT INTO user_image (id, fk_user_id, files_size, image_url) VALUES ('e51b9f26-1c36-4c6c-b6cc-9f8a4d88fd16','765f516e-16c8-45e7-81f9-5353acbe8b1e', 739, 'https://placekitten.com/198/745');
INSERT INTO users (id, provider, "providerId", is_active) VALUES ('5877323e-d2ad-4f03-b746-bcb0d03b5916','kakao', '0dd355e6', 'False');
INSERT INTO user_profile (id, fk_user_id, nickname, short_bio, email, is_certified) VALUES ('e1c85507-1ef0-4e52-9063-e5ddc3861ca5','5877323e-d2ad-4f03-b746-bcb0d03b5916', 'lpoole', 'Risk suggest good behind wind dog behavior.', 'samantha05@example.net', 'True');
INSERT INTO user_image (id, fk_user_id, files_size, image_url) VALUES ('0250c661-c6ad-4b90-9e3f-d9aa8f1b32d4','5877323e-d2ad-4f03-b746-bcb0d03b5916', 546, 'https://picsum.photos/186/151');
INSERT INTO users (id, provider, "providerId", is_active) VALUES ('27cee8be-d186-4785-9a14-b035cbd38f59','naver', 'd2187e6a', 'True');
INSERT INTO user_profile (id, fk_user_id, nickname, short_bio, email, is_certified) VALUES ('0c69e10a-c123-4615-8bc3-d94361eda5ec','27cee8be-d186-4785-9a14-b035cbd38f59', 'sullivanjacqueline', 'What property doctor act moment item ok class. Region fire write.', 'deborah37@example.net', 'False');
INSERT INTO user_image (id, fk_user_id, files_size, image_url) VALUES ('a4c40e48-252f-4152-a4ea-298c6cb6ba3f','27cee8be-d186-4785-9a14-b035cbd38f59', 681, 'https://placekitten.com/240/245');
INSERT INTO users (id, provider, "providerId", is_active) VALUES ('a29db020-ef24-4f66-b553-035987ee8c1e','google', 'd6bf26bd', 'True');
INSERT INTO user_profile (id, fk_user_id, nickname, short_bio, email, is_certified) VALUES ('6c1dd85a-f10b-482f-ad86-fe4e946f24f5','a29db020-ef24-4f66-b553-035987ee8c1e', 'michele68', 'Side put south design know spring a.', 'ashleyguerrero@example.org', 'True');
INSERT INTO user_image (id, fk_user_id, files_size, image_url) VALUES ('41d89912-cbbe-4211-bc97-b982b8aa1478','a29db020-ef24-4f66-b553-035987ee8c1e', 809, 'https://dummyimage.com/147x199');
INSERT INTO users (id, provider, "providerId", is_active) VALUES ('790bec41-da63-4225-8af6-f66d92998e68','kakao', 'c4c1e6b3', 'False');
INSERT INTO user_profile (id, fk_user_id, nickname, short_bio, email, is_certified) VALUES ('d2caca1b-7e83-44cd-829b-677ef87ab1ce','790bec41-da63-4225-8af6-f66d92998e68', 'cruzmelissa', 'Least scientist wide cost across. Finally central last force discover. Wish move outside hit.', 'figueroamichael@example.com', 'True');
INSERT INTO user_image (id, fk_user_id, files_size, image_url) VALUES ('6087ad92-7174-4aad-8b37-fab3cedfd2f2','790bec41-da63-4225-8af6-f66d92998e68', 738, 'https://placekitten.com/987/169');
